"Name","id_Number","row_Number","seat_Number","auditorium_Number"
"Aaron Cave","16468200709121559","46","47","4"
"Aaron Cullins","31326194909026791","14","13","6"
"Aaron Jones","22363196908218633","68","29","4"
"Aaron Kimmer","39393193504274332","33","36","2"
"Aaron Selby","98571194410035095","40","23","4"
"Aaron Tamura","32143194906296211","26","25","6"
"Aaron Turner","43262193503188083","31","36","2"
"Aaron Wallin","38689197101147259","39","46","4"
"Aaron Watkins","99453198307304264","49","40","4"
"Abbey Olson","39662196108256461","31","51","4"
"Abbie Lee","16807196510053133","29","54","4"
"Abigail Cantu","57718198201229841","56","3","2"
"Abraham Burns","78478198504119354","44","42","1"
"Abraham Meza","37103193906117005","39","66","1"
"Abraham Rutledge","93505197301309622","48","62","4"
"Ada George","49649198403043568","27","29","3"
"Ada Hughes","40405198907148461","41","49","4"
"Ada Keith","13278195304199512","6","26","4"
"Ada Ronin","93630196501198312","52","58","2"
"Ada Werre","98783197911139555","26","62","4"
"Adalberto Mills","46930194002078964","46","14","4"
"Adam Banner","60872197106028892","33","43","3"
"Adam Bannerman","20170195003306052","9","13","3"
"Adam Cecena","59252195502229808","39","8","1"
"Adam Chandler","66495201607066304","39","1","3"
"Adam Garner","66915193910227603","39","54","1"
"Adam Gore","13365200303011504","43","36","4"
"Adam Guy","79079198102125052","29","35","4"
"Adam Hartnett","80455199510075222","14","63","1"
"Adam Hassett","60229194708064365","28","63","2"
"Adam Leich","74230198911052626","29","55","1"
"Adam Longley","40738194111073085","32","54","5"
"Adam Luna","31042200204049236","31","26","6"
"Adam Mcelrath","51385198301162533","21","12","5"
"Adam Morris","38485193909237326","19","65","1"
"Adam Olive","26735200711257485","25","57","2"
"Adam Sheets","16998196503169837","4","11","2"
"Adam Stokes","85776197208105695","31","31","2"
"Adam Turzak","68110201503161954","21","1","6"
"Adam Washington","49044193312192285","40","32","6"
"Adam Whitlock","49596198812193309","41","12","6"
"Adam Wilson","21684195602195569","3","22","2"
"Adele Gummer","51668201003198364","28","7","3"
"Adele Olson","90748195012026526","11","45","1"
"Adele Rogers","90565198609018736","16","33","4"
"Adele Salcido","14740193708133370","49","30","4"
"Adeline Maldonado","33591198006307713","52","18","4"
"Adeline Nance","73937196403049477","9","8","5"
"Adeline Schultz","48276198904298424","7","37","5"
"Adolfo Burton","84712201909152830","19","38","4"
